<?xml version="1.0" encoding="UTF-8" ?>
<!DOCTYPE mapper
  PUBLIC "-//mybatis.org//DTD Mapper 3.0//EN"
  "http://mybatis.org/dtd/mybatis-3-mapper.dtd">
<mapper namespace="searchDB.userMapper">
	<insert id="join" parameterType="userDTO">
		insert into t_user values(#{userId}, #{userPw}, #{userName}, sysdate, 'U')
	</insert>
	<select id="login" parameterType="userDTO" resultType ="userDTO">
   select * from t_user where user_Id=#{userId} and user_Pw=#{userPw}
</select>
<select id="show" parameterType="clothDTO" resultType="searchModel.clothDTO">
select * from t_clothes where cl_type = #{type} and cl_gender = #{gender}
</select>

<select id="idCheck" parameterType="String" resultType="String">
	select user_Id from t_user where user_Id = #{userId}
</select>
<select id="pwCheck" parameterType="userDTO" resultType="String">
	select user_pw from t_user where user_Id = #{userId} and user_pw = #{userPw}
</select>

<update id="update" parameterType="userDTO">
	update t_user set user_pw=#{userPw}, user_name=#{userName} where user_id = #{userId}
</update>

<insert id="addReply" parameterType="replyDTO">
 insert into t_reply values(#{clNum}, #{userId}, #{content}, sysdate)
</insert>

<select id = "showReply" parameterType="int" resultType="replyDTO">
select * from t_reply where cl_seq = #{clNum}
</select>

</mapper>